class,mean_probability
Dropout,0.31239198053542394
Enrolled,0.27094628567756524
Graduate,0.4166617337870108
